[
{"link": "#mw-head"},
{"link": "#searchInput"},
{"link": "/wiki/Psicologia"},
{"link": "/wiki/Psicologia_dell%27educazione"},
{"link": "/wiki/Psicologia_dello_sviluppo"},
{"link": "/wiki/Psicologia_clinica"},
{"link": "/wiki/Psicologia_di_comunit%C3%A0"},
{"link": "/wiki/Apprendimento"},
{"link": "/wiki/Bambini"},
{"link": "/wiki/Adolescenti"},
{"link": "/wiki/Educatore"},
{"link": "/wiki/Genitori"},
{"link": "/wiki/Psicopatologia"},
{"link": "/wiki/Test_psicologici"},
{"link": "/wiki/Disturbi_specifici_di_apprendimento"},
{"link": "/wiki/Esclusione_sociale"},
{"link": "/wiki/Violenza"},
{"link": "/wiki/Bullismo"},
{"link": "/wiki/Multiculturalit%C3%A0"},
{"link": "#cite_note-1"},
{"link": "#Precursori_storici_della_psicologia_scolastica"},
{"link": "#Lightner_Witmer"},
{"link": "#Granville_Stanley_Hall"},
{"link": "#Arnold_Gesell"},
{"link": "#Gertrude_Hildreth"},
{"link": "#Tipologie_di_intervento"},
{"link": "#Interventi_a_livello_sistemico"},
{"link": "#Situazioni_di_crisi"},
{"link": "#Consulenze"},
{"link": "#Interventi_diretti"},
{"link": "#La_psicologia_scolastica_nel_mondo"},
{"link": "#Note"},
{"link": "#Voci_correlate"},
{"link": "#Collegamenti_esterni"},
{"link": "/w/index.php?title=Psicologia_scolastica&veaction=edit&section=1"},
{"link": "/w/index.php?title=Psicologia_scolastica&action=edit&section=1"},
{"link": "/w/index.php?title=Psicologia_scolastica&veaction=edit&section=2"},
{"link": "/w/index.php?title=Psicologia_scolastica&action=edit&section=2"},
{"link": "/w/index.php?title=Lightner_Witmer&action=edit&redlink=1"},
{"link": "#cite_note-2"},
{"link": "/wiki/Wilhelm_Wundt"},
{"link": "/wiki/James_McKeen_Cattell"},
{"link": "#cite_note-Routh_1996-3"},
{"link": "/wiki/Universit%C3%A0_della_Pennsylvania"},
{"link": "#cite_note-Routh_1996-3"},
{"link": "#cite_note-Merrell_2006-4"},
{"link": "#cite_note-Routh_1996-3"},
{"link": "#cite_note-Fagan_1992-5"},
{"link": "#cite_note-Routh_1996-3"},
{"link": "#cite_note-Fagan_1992-5"},
{"link": "#cite_note-Fagan_1992-5"},
{"link": "/wiki/Quoziente_di_intelligenza"},
{"link": "#cite_note-Merrell_2006-4"},
{"link": "#cite_note-Merrell_2006-4"},
{"link": "#cite_note-Merrell_2006-4"},
{"link": "#cite_note-Routh_1996-3"},
{"link": "#cite_note-Fagan_1992-5"},
{"link": "/w/index.php?title=Psicologia_scolastica&veaction=edit&section=3"},
{"link": "/w/index.php?title=Psicologia_scolastica&action=edit&section=3"},
{"link": "/wiki/Granville_Stanley_Hall"},
{"link": "#cite_note-Fagan_1992-5"},
{"link": "#cite_note-Fagan_1992-5"},
{"link": "#cite_note-Fagan_1992-5"},
{"link": "/w/index.php?title=Psicologia_scolastica&veaction=edit&section=4"},
{"link": "/w/index.php?title=Psicologia_scolastica&action=edit&section=4"},
{"link": "/w/index.php?title=Arnold_Gesell&action=edit&redlink=1"},
{"link": "#cite_note-Fagan_1992-5"},
{"link": "/w/index.php?title=Psicologia_scolastica&veaction=edit&section=5"},
{"link": "/w/index.php?title=Psicologia_scolastica&action=edit&section=5"},
{"link": "/wiki/Orientamento_professionale"},
{"link": "#cite_note-6"},
{"link": "#cite_note-7"},
{"link": "/w/index.php?title=Psicologia_scolastica&veaction=edit&section=6"},
{"link": "/w/index.php?title=Psicologia_scolastica&action=edit&section=6"},
{"link": "/wiki/Trauma_psicologico"},
{"link": "/w/index.php?title=Psicologia_scolastica&veaction=edit&section=7"},
{"link": "/w/index.php?title=Psicologia_scolastica&action=edit&section=7"},
{"link": "#cite_note-8"},
{"link": "#cite_note-9"},
{"link": "#cite_note-Lehr930-10"},
{"link": "#cite_note-Lehr930-10"},
{"link": "#cite_note-Lehr930-10"},
{"link": "#cite_note-Lehr930-10"},
{"link": "/w/index.php?title=Psicologia_scolastica&veaction=edit&section=8"},
{"link": "/w/index.php?title=Psicologia_scolastica&action=edit&section=8"},
{"link": "/wiki/Coping"},
{"link": "/wiki/Salute_mentale"},
{"link": "#cite_note-11"},
{"link": "#cite_note-12"},
{"link": "/w/index.php?title=Psicologia_scolastica&veaction=edit&section=9"},
{"link": "/w/index.php?title=Psicologia_scolastica&action=edit&section=9"},
{"link": "#cite_note-strategies-13"},
{"link": "#cite_note-Merrell_2006-4"},
{"link": "#cite_note-14"},
{"link": "/w/index.php?title=Psicologia_scolastica&veaction=edit&section=10"},
{"link": "/w/index.php?title=Psicologia_scolastica&action=edit&section=10"},
{"link": "#cite_note-15"},
{"link": "#cite_note-16"},
{"link": "#cite_note-17"},
{"link": "/wiki/Problem-solving"},
{"link": "/wiki/Pratica_basata_sulle_evidenze"},
{"link": "/wiki/Quasi-esperimento"},
{"link": "/wiki/Revisione_paritaria"},
{"link": "#cite_note-18"},
{"link": "/w/index.php?title=Psicologia_scolastica&veaction=edit&section=11"},
{"link": "/w/index.php?title=Psicologia_scolastica&action=edit&section=11"},
{"link": "/wiki/Diritto_pubblico"},
{"link": "#cite_note-19"},
{"link": "#cite_note-20"},
{"link": "/w/index.php?title=Psicologia_scolastica&veaction=edit&section=12"},
{"link": "/w/index.php?title=Psicologia_scolastica&action=edit&section=12"},
{"link": "#cite_ref-1"},
{"link": "https://www.psicocitta.it/ambiti-psicologia/psicologia-scolastica.php"},
{"link": "#cite_ref-2"},
{"link": "/wiki/Speciale:RicercaISBN/9781555421953"},
{"link": "#cite_ref-Routh_1996_3-0"},
{"link": "#cite_ref-Routh_1996_3-1"},
{"link": "#cite_ref-Routh_1996_3-2"},
{"link": "#cite_ref-Routh_1996_3-3"},
{"link": "#cite_ref-Routh_1996_3-4"},
{"link": "https://archive.org/details/sim_american-psychologist_1996-03_51_3/page/244"},
{"link": "/wiki/Digital_object_identifier"},
{"link": "https://dx.doi.org/10.1037%2F0003-066x.51.3.244"},
{"link": "#cite_ref-Merrell_2006_4-0"},
{"link": "#cite_ref-Merrell_2006_4-1"},
{"link": "#cite_ref-Merrell_2006_4-2"},
{"link": "#cite_ref-Merrell_2006_4-3"},
{"link": "#cite_ref-Merrell_2006_4-4"},
{"link": "https://archive.org/details/schoolpsychology0000merr"},
{"link": "/wiki/ISBN"},
{"link": "/wiki/Speciale:RicercaISBN/978-1-59385-250-4"},
{"link": "#cite_ref-Fagan_1992_5-0"},
{"link": "#cite_ref-Fagan_1992_5-1"},
{"link": "#cite_ref-Fagan_1992_5-2"},
{"link": "#cite_ref-Fagan_1992_5-3"},
{"link": "#cite_ref-Fagan_1992_5-4"},
{"link": "#cite_ref-Fagan_1992_5-5"},
{"link": "#cite_ref-Fagan_1992_5-6"},
{"link": "#cite_ref-Fagan_1992_5-7"},
{"link": "https://archive.org/details/sim_american-psychologist_1992-02_47_2/page/236"},
{"link": "/wiki/Digital_object_identifier"},
{"link": "https://dx.doi.org/10.1037%2F0003-066x.47.2.236"},
{"link": "/wiki/ISSN"},
{"link": "http://worldcat.org/issn/0003-066X&lang=it"},
{"link": "https://acnpsearch.unibo.it/search?issn=0003-066X"},
{"link": "#cite_ref-6"},
{"link": "#cite_ref-7"},
{"link": "#cite_ref-8"},
{"link": "https://archive.org/details/sim_school-psychology-review_fall-2008_37_3/page/333"},
{"link": "/wiki/ISSN"},
{"link": "http://worldcat.org/issn/0279-6015&lang=it"},
{"link": "https://acnpsearch.unibo.it/search?issn=0279-6015"},
{"link": "#cite_ref-9"},
{"link": "#cite_ref-Lehr930_10-0"},
{"link": "#cite_ref-Lehr930_10-1"},
{"link": "#cite_ref-Lehr930_10-2"},
{"link": "#cite_ref-Lehr930_10-3"},
{"link": "#cite_ref-11"},
{"link": "http://www.caspwebcasts.org/pdfs/JRNLv_117.pdf"},
{"link": "/wiki/Aiuto:Collegamenti_interrotti"},
{"link": "#cite_ref-12"},
{"link": "/wiki/ISBN"},
{"link": "/wiki/Speciale:RicercaISBN/978-0-932955-55-5"},
{"link": "#cite_ref-strategies_13-0"},
{"link": "#cite_ref-14"},
{"link": "http://www.nasponline.org/about-school-psychology/who-are-school-psychologists"},
{"link": "#cite_ref-15"},
{"link": "http://www.rti4success.org/"},
{"link": "#cite_ref-16"},
{"link": "https://web.archive.org/web/20130521152235/http://www.nasponline.org/advocacy/RTIrole_NASP.pdf"},
{"link": "#cite_ref-17"},
{"link": "#cite_ref-18"},
{"link": "#cite_ref-19"},
{"link": "#cite_ref-20"},
{"link": "/w/index.php?title=Psicologia_scolastica&veaction=edit&section=13"},
{"link": "/w/index.php?title=Psicologia_scolastica&action=edit&section=13"},
{"link": "/wiki/Centro_di_informazione_e_consulenza"},
{"link": "/w/index.php?title=Psicologia_scolastica&veaction=edit&section=14"},
{"link": "/w/index.php?title=Psicologia_scolastica&action=edit&section=14"},
{"link": "https://www.britannica.com/science/school-psychology"},
{"link": "/wiki/Enciclopedia_Britannica"},
{"link": "https://www.wikidata.org/wiki/Q11160374#P1417"},
{"link": "/wiki/Template:Psicologia_applicata"},
{"link": "/w/index.php?title=Discussioni_template:Psicologia_applicata&action=edit&redlink=1"},
{"link": "https://it.wikipedia.org/w/index.php?title=Template:Psicologia_applicata&action=edit"},
{"link": "/wiki/Psicologia_applicata"},
{"link": "/wiki/Psicologia_clinica"},
{"link": "/wiki/Counseling"},
{"link": "/wiki/Psicologia_dell%27educazione"},
{"link": "/wiki/Psicologia_forense"},
{"link": "/wiki/Psicologia_giuridica"},
{"link": "/wiki/Psicologia_della_salute"},
{"link": "/wiki/Psicologia_dell%27emergenza"},
{"link": "/wiki/Psicologia_del_lavoro_e_delle_organizzazioni"},
{"link": "/wiki/Psicologia_dello_sport"},
{"link": "/wiki/Psicologia_sistemica"},
{"link": "/wiki/Psicologia_di_comunit%C3%A0"},
{"link": "/wiki/Psicologia_delle_masse"},
{"link": "/wiki/Psicologia_del_marketing"},
{"link": "/wiki/Psicologia_della_pubblicit%C3%A0"},
{"link": "/wiki/Psicologia_del_traffico"},
{"link": "/wiki/Psicologia_dell%27arte"},
{"link": "/wiki/Psicologia_della_religione"},
{"link": "/wiki/Psicologia_penitenziaria"},
{"link": "/wiki/Psicologia_ambientale"},
{"link": "/wiki/Psicologia_prenatale_e_perinatale"},
{"link": "/wiki/Psicologia_dell%27invecchiamento"},
{"link": "/wiki/Tanatologia"},
{"link": "/wiki/Aiuto:Controllo_di_autorit%C3%A0"},
{"link": "/wiki/Biblioteca_della_Dieta_nazionale_del_Giappone"},
{"link": "https://id.ndl.go.jp/auth/ndlna/001140081"},
{"link": "/wiki/File:Nuvola_apps_edu_miscellaneous.svg"},
{"link": "/wiki/Portale:Istruzione"},
{"link": "/wiki/File:Psi2.svg"},
{"link": "/wiki/Portale:Psicologia"},
{"link": "https://it.wikipedia.org/w/index.php?title=Psicologia_scolastica&oldid=136571351"},
{"link": "/wiki/Categoria:Categorie"},
{"link": "/wiki/Categoria:Discipline_psicologiche"},
{"link": "/wiki/Categoria:Psicologia_applicata"},
{"link": "/wiki/Categoria:Educazione"},
{"link": "/wiki/Categoria:Scuola"},
{"link": "/wiki/Categoria:Pagine_con_collegamenti_non_funzionanti"},
{"link": "/wiki/Categoria:Pagine_che_utilizzano_collegamenti_magici_ISBN"},
{"link": "/wiki/Categoria:P1417_letta_da_Wikidata"},
{"link": "/wiki/Categoria:Voci_con_codice_NDL"},
{"link": "/wiki/Categoria:Voci_non_biografiche_con_codici_di_controllo_di_autorit%C3%A0"},
{"link": "/wiki/Speciale:MieDiscussioni"},
{"link": "/wiki/Speciale:MieiContributi"},
{"link": "/w/index.php?title=Speciale:CreaUtenza&returnto=Psicologia+scolastica"},
{"link": "/w/index.php?title=Speciale:Entra&returnto=Psicologia+scolastica"},
{"link": "/wiki/Psicologia_scolastica"},
{"link": "/wiki/Discussione:Psicologia_scolastica"},
{"link": "/wiki/Psicologia_scolastica"},
{"link": "/w/index.php?title=Psicologia_scolastica&veaction=edit"},
{"link": "/w/index.php?title=Psicologia_scolastica&action=edit"},
{"link": "/w/index.php?title=Psicologia_scolastica&action=history"},
{"link": "/wiki/Pagina_principale"},
{"link": "/wiki/Pagina_principale"},
{"link": "/wiki/Speciale:UltimeModifiche"},
{"link": "/wiki/Speciale:PaginaCasuale"},
{"link": "/wiki/Speciale:NelleVicinanze"},
{"link": "/wiki/Wikipedia:Vetrina"},
{"link": "/wiki/Aiuto:Aiuto"},
{"link": "/wiki/Aiuto:Sportello_informazioni"},
{"link": "/wiki/Portale:Comunit%C3%A0"},
{"link": "/wiki/Wikipedia:Bar"},
{"link": "/wiki/Wikipedia:Wikipediano"},
{"link": "//donate.wikimedia.org/wiki/Special:FundraiserRedirector?utm_source=donate&utm_medium=sidebar&utm_campaign=C13_it.wikipedia.org&uselang=it"},
{"link": "/wiki/Wikipedia:Contatti"},
{"link": "/wiki/Speciale:PuntanoQui/Psicologia_scolastica"},
{"link": "/wiki/Speciale:ModificheCorrelate/Psicologia_scolastica"},
{"link": "/wiki/Speciale:PagineSpeciali"},
{"link": "/w/index.php?title=Psicologia_scolastica&oldid=136571351"},
{"link": "/w/index.php?title=Psicologia_scolastica&action=info"},
{"link": "/w/index.php?title=Speciale:Cita&page=Psicologia_scolastica&id=136571351&wpFormIdentifier=titleform"},
{"link": "/w/index.php?title=Speciale:UrlShortener&url=https%3A%2F%2Fit.wikipedia.org%2Fwiki%2FPsicologia_scolastica"},
{"link": "/w/index.php?title=Speciale:QrCode&url=https%3A%2F%2Fit.wikipedia.org%2Fwiki%2FPsicologia_scolastica"},
{"link": "https://www.wikidata.org/wiki/Special:EntityPage/Q11160374"},
{"link": "/w/index.php?title=Speciale:Libro&bookcmd=book_creator&referer=Psicologia+scolastica"},
{"link": "/w/index.php?title=Speciale:DownloadAsPdf&page=Psicologia_scolastica&action=show-download-screen"},
{"link": "/w/index.php?title=Psicologia_scolastica&printable=yes"},
{"link": "https://ar.wikipedia.org/wiki/%D8%B9%D9%84%D9%85_%D9%86%D9%81%D8%B3_%D8%A7%D9%84%D9%85%D8%AF%D8%B1%D8%B3%D8%A9"},
{"link": "https://bg.wikipedia.org/wiki/%D0%A3%D1%87%D0%B8%D0%BB%D0%B8%D1%89%D0%BD%D0%B0_%D0%BF%D1%81%D0%B8%D1%85%D0%BE%D0%BB%D0%BE%D0%B3%D0%B8%D1%8F"},
{"link": "https://de.wikipedia.org/wiki/Schulpsychologie"},
{"link": "https://el.wikipedia.org/wiki/%CE%A3%CF%87%CE%BF%CE%BB%CE%B9%CE%BA%CE%AE_%CF%88%CF%85%CF%87%CE%BF%CE%BB%CE%BF%CE%B3%CE%AF%CE%B1"},
{"link": "https://en.wikipedia.org/wiki/School_psychology"},
{"link": "https://et.wikipedia.org/wiki/Koolips%C3%BChholoogia"},
{"link": "https://fi.wikipedia.org/wiki/Koulupsykologi"},
{"link": "https://fr.wikipedia.org/wiki/Psychologie_scolaire"},
{"link": "https://hi.wikipedia.org/wiki/%E0%A4%B5%E0%A4%BF%E0%A4%A6%E0%A5%8D%E0%A4%AF%E0%A4%BE%E0%A4%B2%E0%A4%AF%E0%A5%80_%E0%A4%AE%E0%A4%A8%E0%A5%8B%E0%A4%B5%E0%A4%BF%E0%A4%9C%E0%A5%8D%E0%A4%9E%E0%A4%BE%E0%A4%A8"},
{"link": "https://hu.wikipedia.org/wiki/Iskolapszichol%C3%B3gia"},
{"link": "https://hy.wikipedia.org/wiki/%D5%80%D5%B8%D5%A3%D5%A5%D5%A2%D5%A1%D5%B6%D5%A1%D5%AF%D5%A1%D5%B6_%D5%AE%D5%A1%D5%BC%D5%A1%D5%B5%D5%B8%D6%82%D5%A9%D5%B5%D5%B8%D6%82%D5%B6%D5%A8_%D5%A4%D5%BA%D6%80%D5%B8%D6%81%D5%B8%D6%82%D5%B4"},
{"link": "https://id.wikipedia.org/wiki/Psikologi_sekolah"},
{"link": "https://ja.wikipedia.org/wiki/%E5%AD%A6%E6%A0%A1%E5%BF%83%E7%90%86%E5%AD%A6"},
{"link": "https://sq.wikipedia.org/wiki/Psikologjia_shkollore"},
{"link": "https://sr.wikipedia.org/wiki/%D0%A8%D0%BA%D0%BE%D0%BB%D1%81%D0%BA%D0%B0_%D0%BF%D1%81%D0%B8%D1%85%D0%BE%D0%BB%D0%BE%D0%B3%D0%B8%D1%98%D0%B0"},
{"link": "https://tr.wikipedia.org/wiki/Okul_psikolojisi"},
{"link": "https://vi.wikipedia.org/wiki/T%C3%A2m_l%C3%BD_h%E1%BB%8Dc_h%E1%BB%8Dc_%C4%91%C6%B0%E1%BB%9Dng"},
{"link": "https://www.wikidata.org/wiki/Special:EntityPage/Q11160374#sitelinks-wikipedia"},
{"link": "https://creativecommons.org/licenses/by-sa/4.0/deed.it"},
{"link": "https://foundation.wikimedia.org/wiki/Special:MyLanguage/Policy:Terms_of_Use/it"},
{"link": "https://foundation.wikimedia.org/wiki/Special:MyLanguage/Policy:Privacy_policy/it"},
{"link": "/wiki/Wikipedia:Sala_stampa/Wikipedia"},
{"link": "/wiki/Wikipedia:Avvertenze_generali"},
{"link": "https://foundation.wikimedia.org/wiki/Special:MyLanguage/Policy:Universal_Code_of_Conduct"},
{"link": "https://developer.wikimedia.org"},
{"link": "https://stats.wikimedia.org/#/it.wikipedia.org"},
{"link": "https://foundation.wikimedia.org/wiki/Special:MyLanguage/Policy:Cookie_statement"},
{"link": "//it.m.wikipedia.org/w/index.php?title=Psicologia_scolastica&mobileaction=toggle_view_mobile"},
{"link": "https://wikimediafoundation.org/"},
{"link": "https://www.mediawiki.org/"}
]